{
  "accuracy": 0.9824707846410684,
  "precision": 0.9784768211920529,
  "recall": 0.986644407345576,
  "f1_score": 0.9825436408977556,
  "specificity": 0.9782971619365609,
  "roc_auc": 0.9988823888450702,
  "cv_folds": 5,
  "cv_metrics": {
    "accuracy": [
      0.9853862212943633,
      0.9812108559498957,
      0.9916492693110647,
      0.9885057471264368,
      0.987460815047022
    ],
    "precision": [
      0.9824561403508771,
      0.9694501018329938,
      0.9855072463768116,
      0.988,
      0.9816700610997964
    ],
    "recall": [
      0.986784140969163,
      0.9937369519832986,
      0.9979035639412998,
      0.9899799599198397,
      0.9938144329896907
    ],
    "f1_score": [
      0.9846153846153847,
      0.9814432989690721,
      0.9916666666666667,
      0.988988988988989,
      0.9877049180327869
    ],
    "specificity": [
      0.9841269841269841,
      0.9686847599164927,
      0.9854469854469855,
      0.9868995633187773,
      0.9809322033898306
    ],
    "roc_auc": [
      0.9983043143836096,
      0.9990280725763923,
      0.9972149217432237,
      0.9986260731069125,
      0.997529704700332
    ]
  },
  "feature_importance": {
    "max_repeat_count": 0.02598386424523011,
    "max_repeat_length": 0.21962576819774302,
    "repeat_unit_length": 0.013028770387048557,
    "repeat_purity": 0.0,
    "total_repeat_coverage": 0.07140323581437646,
    "gc_content": 0.01570656610331786,
    "sequence_length": 0.0024221637768290006,
    "entropy": 0.32961128785341404,
    "homopolymer_max": 0.02507984394698496,
    "dinucleotide_repeats": 0.04401433705511245,
    "a_content": 0.01972177042156552,
    "t_content": 0.013934803286889015,
    "g_content": 0.1074081283224368,
    "c_content": 0.1120594605890522
  }
}